[{
  "_id": {
    "$oid": "6216407c6ec90324374a94b8"
  },
  "idLoai": "621632b3d3b366126c595921",
  "tenLoai": "Tin tức thập cẩm",
  "thuTu": "1",
  "anHien": "1"
},{
  "_id": {
    "$oid": "621645a8158da0d2160ba131"
  },
  "idLoai": "621632b3d3b366126c595921",
  "tenLoai": "Tin tức tin học 1",
  "thuTu": "4",
  "anHien": "1"
},{
  "_id": {
    "$oid": "6216467ff68e7574ae63b1f8"
  },
  "idLoai": null,
  "tenLoai": "Tin tức mới nữa",
  "thuTu": "2",
  "anHien": "0"
},{
  "_id": {
    "$oid": "621646c4f68e7574ae63b1fa"
  },
  "idLoai": "621646b9f68e7574ae63b1f9",
  "tenLoai": "Nghệ thuật",
  "thuTu": "4",
  "anHien": "1"
}]